Vecinos , MAE, MRSE
25,1.4835204560919668,2.397899199288959
50,1.9127977913236904,2.3052577967203867
75,1.5462821080097366,2.063907398278622
100,1.7571590192006392,2.4589151583137037
250,2.0962304348182434,2.3322750159475483
500,1.9151908308552028,2.0987798310883314
