Vecinos , MAE, MRSE
25,0.777389694948231,1.0285847465069018
50,0.7349678892986264,0.9609750530114011
75,0.7191139515067165,0.9353676076442055
100,0.717387729439032,0.9360111755684006
250,0.7017182339292543,0.9064875016494978
500,0.6875855881558508,0.8994468548363297
